{"cameraMode":{"drawMode":0,"name":"Shaded","section":"Shading Mode"},"sceneLighting":false,"audioPlay":false,"sceneViewState":{"m_AlwaysRefresh":false,"showFog":true,"showSkybox":false,"showFlares":true,"showImageEffects":true,"showParticleSystems":true,"showVisualEffectGraphs":true,"m_FxEnabled":true},"in2DMode":false,"pivot":{"x":0.13859522342681886,"y":0.03671732544898987,"z":0.02170824259519577},"rotation":{"x":0.35113289952278139,"y":0.5742411017417908,"z":-0.29786017537117007,"w":0.6769387722015381},"size":0.6584360003471375,"orthographic":false}