{"cameraMode":{"drawMode":0,"name":"Shaded","section":"Shading Mode"},"sceneLighting":true,"audioPlay":false,"sceneViewState":{"m_AlwaysRefresh":false,"showFog":true,"showSkybox":true,"showFlares":true,"showImageEffects":true,"showParticleSystems":true,"showVisualEffectGraphs":true,"m_FxEnabled":true},"in2DMode":false,"pivot":{"x":-4.049245357513428,"y":0.8720425367355347,"z":0.45731061697006228},"rotation":{"x":0.08276155591011048,"y":0.16367340087890626,"z":-0.013781900517642498,"w":0.9829453229904175},"size":0.33030155301094057,"orthographic":false}