{"cameraMode":{"drawMode":0,"name":"Shaded","section":"Shading Mode"},"sceneLighting":true,"audioPlay":false,"sceneViewState":{"m_AlwaysRefresh":false,"showFog":true,"showSkybox":true,"showFlares":true,"showImageEffects":true,"showParticleSystems":true,"showVisualEffectGraphs":true,"m_FxEnabled":true},"in2DMode":false,"pivot":{"x":0.6013638973236084,"y":0.34896254539489748,"z":0.9637380838394165},"rotation":{"x":0.14339491724967957,"y":0.25865456461906435,"z":-0.038823261857032779,"w":0.9545398950576782},"size":3.797771453857422,"orthographic":false}