{"cameraMode":{"drawMode":0,"name":"Shaded","section":"Shading Mode"},"sceneLighting":true,"audioPlay":false,"sceneViewState":{"m_AlwaysRefresh":false,"showFog":true,"showSkybox":true,"showFlares":true,"showImageEffects":true,"showParticleSystems":true,"showVisualEffectGraphs":true,"m_FxEnabled":true},"in2DMode":false,"pivot":{"x":1.9467768669128419,"y":2.136303424835205,"z":0.042990412563085559},"rotation":{"x":0.09178553521633148,"y":0.8008309602737427,"z":-0.1271948516368866,"w":0.5780181884765625},"size":4.875886917114258,"orthographic":false}