{"cameraMode":{"drawMode":0,"name":"Shaded","section":"Shading Mode"},"sceneLighting":false,"audioPlay":false,"sceneViewState":{"m_AlwaysRefresh":false,"showFog":true,"showSkybox":false,"showFlares":true,"showImageEffects":true,"showParticleSystems":true,"showVisualEffectGraphs":true,"m_FxEnabled":true},"in2DMode":false,"pivot":{"x":0.001833587884902954,"y":0.27502715587615969,"z":0.027238011360168458},"rotation":{"x":0.19391347467899323,"y":0.7524284720420837,"z":-0.25323179364204409,"w":0.5764052271842957},"size":0.5497562885284424,"orthographic":false}