{"cameraMode":{"drawMode":0,"name":"Shaded","section":"Shading Mode"},"sceneLighting":false,"audioPlay":false,"sceneViewState":{"m_AlwaysRefresh":false,"showFog":true,"showSkybox":false,"showFlares":true,"showImageEffects":true,"showParticleSystems":true,"showVisualEffectGraphs":true,"m_FxEnabled":true},"in2DMode":false,"pivot":{"x":-0.16855335235595704,"y":0.4273488521575928,"z":0.23317807912826539},"rotation":{"x":-0.09491650015115738,"y":0.13869956135749818,"z":0.01336976420134306,"w":0.985697329044342},"size":0.9307999610900879,"orthographic":false}