{"cameraMode":{"drawMode":0,"name":"Shaded","section":"Shading Mode"},"sceneLighting":false,"audioPlay":false,"sceneViewState":{"m_AlwaysRefresh":false,"showFog":true,"showSkybox":false,"showFlares":true,"showImageEffects":true,"showParticleSystems":true,"showVisualEffectGraphs":true,"m_FxEnabled":true},"in2DMode":false,"pivot":{"x":-0.6359994411468506,"y":0.8942575454711914,"z":-0.03151705861091614},"rotation":{"x":-0.01945931278169155,"y":0.6457686424255371,"z":0.016475537791848184,"w":0.7631210088729858},"size":0.9307999610900879,"orthographic":false}